INSERT INTO users (id_users, name_user, email_user, password_user, role_user, status_user) VALUES
(1, 'Admin Uno', 'admin1@radioedu.edu', '$2b$12$Zp2bVjE2KJq8S3YQ3yS3UeM1o7w8xQyZr1sF4lF7u9eW1pQkL8bLe', 'Admin', 1),
(2, 'Docente Juan', 'docente1@radioedu.edu', '$2b$12$Qw9vTjL6MnB3C8RkD1sP5eH2u7yX3cVb9nM4lK7pQ2rS6tUj8wZ1a', 'Docente', 1),
(3, 'Experta María', 'experta1@radioedu.edu', '$2b$12$A1sD2fG3hJ4kL5mN6oP7qR8sT9uV0wXyZ1aB2cD3eF4gH5iJ6kLm', 'DocenteExperto', 1),
(4, 'Docente Luis', 'docente2@radioedu.edu', '$2b$12$N7mB6vC5xZ4aS3dF2gH1jK0lP9oU8yT7rE6wQ5iL4oP3aS2dF1gH', 'Docente', 1),
(5, 'Admin Dos', 'admin2@radioedu.edu', '$2b$12$H8jK9lM0nB1vC2xD3zE4tF5gH6yJ7kL8mN9oP0qR1sT2uV3wX4yZ', 'Admin', 1);

INSERT INTO courses (id_courses, name_course, description_course, status_course) VALUES
(1, 'Matemáticas Básicas', 'Fundamentos de aritmética y álgebra', 1),
(2, 'Ciencias Naturales', 'Introducción a biología, química y física', 1),
(3, 'Historia Universal', 'Recorrido por periodos de la historia', 1);

INSERT INTO units (id_units, name_unit, description_unit, "courseId", status_unit) VALUES
(1, 'Aritmética', 'Operaciones básicas y propiedades', 1, 1),
(2, 'Álgebra', 'Expresiones, ecuaciones y polinomios', 1, 1),
(3, 'Geometría', 'Figuras y teoremas fundamentales', 1, 1),
(4, 'Biología', 'Estructura y función de los seres vivos', 2, 1),
(5, 'Química', 'Materia, enlaces y reacciones', 2, 1),
(6, 'Física', 'Movimiento, energía y fuerzas', 2, 1),
(7, 'Antigüedad', 'Civilizaciones clásicas', 3, 1),
(8, 'Edad Media', 'Sociedad y cultura medieval', 3, 1),
(9, 'Edad Moderna', 'Transformaciones políticas y científicas', 3, 1);

INSERT INTO categories (id_categories, name_category, description_category, status_category) VALUES
(1, 'Teoría', 'Conceptos y definiciones', 1),
(2, 'Práctica', 'Aplicación y ejercicios', 1),
(3, 'Examen', 'Evaluación sumativa', 1);

INSERT INTO questions (id_questions, statement_question, difficulty_question, category_id, status_question, active_question) VALUES
(1, 'En Matemáticas Básicas: ¿Cuál es el resultado de 7 + 5?', 'Baja', 2, 'Borrador', 1),
(2, 'En Matemáticas Básicas: ¿Qué propiedad justifica a(b + c) = ab + ac?', 'Media', 1, 'Aprobada', 1),
(3, 'En Matemáticas Básicas: ¿Cuál es la solución de 2x + 3 = 11?', 'Baja', 2, 'Revisión', 1),
(4, 'En Matemáticas Básicas: ¿Qué define un triángulo equilátero?', 'Media', 1, 'Borrador', 1),
(5, 'En Matemáticas Básicas: ¿Cuál es el área de un cuadrado de lado 4?', 'Baja', 2, 'Revisión', 1),
(6, 'En Matemáticas Básicas: ¿Qué indica el discriminante en una cuadrática?', 'Alta', 1, 'Borrador', 1),
(7, 'En Ciencias Naturales: ¿Cuál es la unidad básica de la vida?', 'Baja', 1, 'Aprobada', 1),
(8, 'En Ciencias Naturales: ¿Qué ley explica F = m·a?', 'Media', 1, 'Revisión', 1),
(9, 'En Ciencias Naturales: ¿Cuál es el pH de una solución neutra?', 'Baja', 2, 'Borrador', 1),
(10, 'En Ciencias Naturales: ¿Qué partícula subatómica tiene carga negativa?', 'Media', 1, 'Revisión', 1),
(11, 'En Ciencias Naturales: ¿Qué forma de energía se asocia con el movimiento?', 'Baja', 2, 'Borrador', 1),
(12, 'En Ciencias Naturales: ¿Qué orgánulo contiene el material genético principal?', 'Alta', 1, 'Aprobada', 1),
(13, 'En Historia Universal: ¿Qué civilización construyó el Partenón?', 'Baja', 1, 'Revisión', 1),
(14, 'En Historia Universal: ¿Qué sistema feudal caracterizó la Edad Media?', 'Media', 1, 'Borrador', 1),
(15, 'En Historia Universal: ¿Qué evento marcó el inicio de la Edad Moderna?', 'Alta', 3, 'Revisión', 1),
(16, 'En Historia Universal: ¿Cuál era la lengua del Imperio Romano?', 'Baja', 1, 'Borrador', 1),
(17, 'En Historia Universal: ¿Qué revolución impulsó avances científicos en la Edad Moderna?', 'Media', 1, 'Aprobada', 1),
(18, 'En Historia Universal: ¿Qué invento de Gutenberg transformó la difusión del conocimiento?', 'Baja', 1, 'Revisión', 1),
(19, 'En Matemáticas Básicas: ¿Cuál es el valor de √81?', 'Baja', 2, 'Borrador', 1),
(20, 'En Matemáticas Básicas: ¿Qué es un número primo?', 'Media', 1, 'Revisión', 1),
(21, 'En Ciencias Naturales: ¿Qué gas es esencial para la respiración celular?', 'Media', 1, 'Borrador', 1),
(22, 'En Ciencias Naturales: ¿Qué molécula almacena la información genética?', 'Alta', 1, 'Aprobada', 1),
(23, 'En Historia Universal: ¿Qué imperio cayó en 1453?', 'Media', 3, 'Revisión', 1),
(24, 'En Historia Universal: ¿Qué periodo siguió al Renacimiento?', 'Media', 1, 'Borrador', 1),
(25, 'En Ciencias Naturales: ¿Qué estado de la materia tiene forma y volumen definidos?', 'Baja', 1, 'Revisión', 1),
(26, 'En Matemáticas Básicas: ¿Cuál es la pendiente de y = 3x + 2?', 'Baja', 2, 'Borrador', 1),
(27, 'En Matemáticas Básicas: ¿Qué significa |x|?', 'Media', 1, 'Revisión', 1),
(28, 'En Historia Universal: ¿Qué ruta comercial conectó oriente y occidente?', 'Alta', 1, 'Borrador', 1),
(29, 'En Ciencias Naturales: ¿Qué proceso convierte glucosa en energía (ATP)?', 'Alta', 1, 'Revisión', 1),
(30, 'En Ciencias Naturales: ¿Qué fenómeno describe la conservación de la masa en reacciones?', 'Media', 1, 'Borrador', 1);

INSERT INTO options (id_options, text_option, is_correct_option, question_id, active_option) VALUES
(1, '12', TRUE, 1, 1),
(2, '10', FALSE, 1, 1),
(3, '11', FALSE, 1, 1),
(4, '9', FALSE, 1, 1),
(5, 'Propiedad distributiva', TRUE, 2, 1),
(6, 'Propiedad conmutativa', FALSE, 2, 1),
(7, 'Propiedad asociativa', FALSE, 2, 1),
(8, 'Propiedad inversa', FALSE, 2, 1),
(9, 'x = 4', TRUE, 3, 1),
(10, 'x = 5', FALSE, 3, 1),
(11, 'x = 3', FALSE, 3, 1),
(12, 'x = 8', FALSE, 3, 1),
(13, 'Tres lados iguales y tres ángulos iguales', TRUE, 4, 1),
(14, 'Dos lados iguales', FALSE, 4, 1),
(15, 'Tres lados desiguales', FALSE, 4, 1),
(16, 'Un ángulo recto', FALSE, 4, 1),
(17, '16', TRUE, 5, 1),
(18, '8', FALSE, 5, 1),
(19, '12', FALSE, 5, 1),
(20, '20', FALSE, 5, 1),
(21, 'La naturaleza de las raíces', TRUE, 6, 1),
(22, 'La suma de coeficientes', FALSE, 6, 1),
(23, 'El grado del polinomio', FALSE, 6, 1),
(24, 'El valor de la función en 0', FALSE, 6, 1),
(25, 'La célula', TRUE, 7, 1),
(26, 'El tejido', FALSE, 7, 1),
(27, 'El órgano', FALSE, 7, 1),
(28, 'El sistema', FALSE, 7, 1),
(29, 'Segunda ley de Newton', TRUE, 8, 1),
(30, 'Primera ley de Newton', FALSE, 8, 1),
(31, 'Tercera ley de Newton', FALSE, 8, 1),
(32, 'Ley de gravitación universal', FALSE, 8, 1),
(33, '7', FALSE, 9, 1),
(34, '14', FALSE, 9, 1),
(35, '0', TRUE, 9, 1),
(36, '1', FALSE, 9, 1),
(37, 'Electrón', TRUE, 10, 1),
(38, 'Protón', FALSE, 10, 1),
(39, 'Neutrón', FALSE, 10, 1),
(40, 'Positrón', FALSE, 10, 1),
(41, 'Cinética', TRUE, 11, 1),
(42, 'Potencial', FALSE, 11, 1),
(43, 'Térmica', FALSE, 11, 1),
(44, 'Eléctrica', FALSE, 11, 1),
(45, 'Núcleo', TRUE, 12, 1),
(46, 'Mitocondria', FALSE, 12, 1),
(47, 'Ribosoma', FALSE, 12, 1),
(48, 'Lisosoma', FALSE, 12, 1),
(49, 'Grecia', TRUE, 13, 1),
(50, 'Egipto', FALSE, 13, 1),
(51, 'Roma', FALSE, 13, 1),
(52, 'Babilonia', FALSE, 13, 1),
(53, 'Vasallaje', TRUE, 14, 1),
(54, 'Democracia directa', FALSE, 14, 1),
(55, 'Capitalismo industrial', FALSE, 14, 1),
(56, 'Mercantilismo', FALSE, 14, 1),
(57, 'Toma de Constantinopla', FALSE, 15, 1),
(58, 'Descubrimiento de América', TRUE, 15, 1),
(59, 'Reforma protestante', FALSE, 15, 1),
(60, 'Imprenta de Gutenberg', FALSE, 15, 1),
(61, 'Latín', TRUE, 16, 1),
(62, 'Griego', FALSE, 16, 1),
(63, 'Árabe', FALSE, 16, 1),
(64, 'Hebreo', FALSE, 16, 1),
(65, 'Revolución Científica', TRUE, 17, 1),
(66, 'Revolución Francesa', FALSE, 17, 1),
(67, 'Revolución Industrial', FALSE, 17, 1),
(68, 'Revolución Gloriosa', FALSE, 17, 1),
(69, 'Imprenta', TRUE, 18, 1),
(70, 'Telescopio', FALSE, 18, 1),
(71, 'Barómetro', FALSE, 18, 1),
(72, 'Microscopio', FALSE, 18, 1),
(73, '9', TRUE, 19, 1),
(74, '8', FALSE, 19, 1),
(75, '10', FALSE, 19, 1),
(76, '6', FALSE, 19, 1),
(77, 'Divisible solo por 1 y por sí mismo', TRUE, 20, 1),
(78, 'Tiene infinitos divisores', FALSE, 20, 1),
(79, 'Es múltiplo de 2 y 3', FALSE, 20, 1),
(80, 'Es par y mayor que 10', FALSE, 20, 1),
(81, 'Oxígeno', TRUE, 21, 1),
(82, 'Nitrógeno', FALSE, 21, 1),
(83, 'Dióxido de carbono', FALSE, 21, 1),
(84, 'Hidrógeno', FALSE, 21, 1),
(85, 'ADN', TRUE, 22, 1),
(86, 'ARN', FALSE, 22, 1),
(87, 'Proteína', FALSE, 22, 1),
(88, 'Lípido', FALSE, 22, 1),
(89, 'Imperio Bizantino', TRUE, 23, 1),
(90, 'Imperio Romano', FALSE, 23, 1),
(91, 'Imperio Otomano', FALSE, 23, 1),
(92, 'Imperio Carolingio', FALSE, 23, 1),
(93, 'Barroco', TRUE, 24, 1),
(94, 'Románico', FALSE, 24, 1),
(95, 'Gótico', FALSE, 24, 1),
(96, 'Clasicismo', FALSE, 24, 1),
(97, 'Sólido', TRUE, 25, 1),
(98, 'Líquido', FALSE, 25, 1),
(99, 'Gas', FALSE, 25, 1),
(100, 'Plasma', FALSE, 25, 1),
(101, '3', TRUE, 26, 1),
(102, '2', FALSE, 26, 1),
(103, '0', FALSE, 26, 1),
(104, '1', FALSE, 26, 1),
(105, 'Valor absoluto de x', TRUE, 27, 1),
(106, 'Logaritmo de x', FALSE, 27, 1),
(107, 'Exponencial de x', FALSE, 27, 1),
(108, 'Raíz de x', FALSE, 27, 1),
(109, 'Ruta de la Seda', TRUE, 28, 1),
(110, 'Camino de Santiago', FALSE, 28, 1),
(111, 'Ruta del Ámbar', FALSE, 28, 1),
(112, 'Ruta del Cobre', FALSE, 28, 1),
(113, 'Respiración celular', TRUE, 29, 1),
(114, 'Fotosíntesis', FALSE, 29, 1),
(115, 'Fermentación láctica', FALSE, 29, 1),
(116, 'Osmosis', FALSE, 29, 1),
(117, 'Ley de conservación de la masa', TRUE, 30, 1),
(118, 'Principio de incertidumbre', FALSE, 30, 1),
(119, 'Ley de Hooke', FALSE, 30, 1),
(120, 'Principio de Arquímedes', FALSE, 30, 1);

INSERT INTO question_validations (id_question_validations, "questionId", validator_id, result_validation, observations_validation, validated_at) VALUES
(1, 2, 3, 'Aprobada', 'La justificación es correcta y bien redactada.', NOW()),
(2, 7, 3, 'Aprobada', 'Pregunta clara y adecuada al nivel.', NOW()),
(3, 12, 3, 'Aprobada', 'Contenido preciso y verificado.', NOW()),
(4, 17, 1, 'Aprobada', 'Pregunta contextualizada correctamente.', NOW()),
(5, 22, 1, 'Aprobada', 'Cumple la regla de negocio y objetivos.', NOW());
